{
   "preguntes":[
      {
         "id":1,
         "pregunta":"En quin any es va estrenar la pel·lícula 'Forrest Gump'?",
         "respostes":[
            {
               "id":1,
               "etiqueta":"1993"
            },
            {
               "id":2,
               "etiqueta":"1994"
            },
            {
               "id":3,
               "etiqueta":"1995"
            },
            {
               "id":4,
               "etiqueta":"1996"
            }
         ],
         "resposta_correcta":2,
         "imatge":"https://runrun.es/wp-content/uploads/2014/07/tjMZ4RBLhvk670gYJPxIN8SBfnB.jpg"
      },
      {
         "id":2,
         "pregunta":"En quin any es va estrenar la pel·lícula 'This Boy's Life'?",
         "respostes":[
            {
               "id":1,
               "etiqueta":"1994"
            },
            {
               "id":2,
               "etiqueta":"1993"
            },
            {
               "id":3,
               "etiqueta":"1995"
            },
            {
               "id":4,
               "etiqueta":"1992"
            }
         ],
         "resposta_correcta":2,
         "imatge":"https://m.media-amazon.com/images/S/pv-target-images/5d258a5a2f01bbfbf6e8a591ad23f6dc3374f1fe7b692aa5a8ebce5ba7c91ff0.jpg"
      },
      {
         "id":3,
         "pregunta":"En quin any es va estrenar la pel·lícula 'The Matrix'?",
         "respostes":[
            {
               "id":1,
               "etiqueta":"1999"
            },
            {
               "id":2,
               "etiqueta":"2000"
            },
            {
               "id":3,
               "etiqueta":"1998"
            },
            {
               "id":4,
               "etiqueta":"2001"
            }
         ],
         "resposta_correcta":1,
         "imatge":"https://www.prensalibre.com/wp-content/uploads/2021/03/matrix_b.jpg"
      },
      {
         "id":4,
         "pregunta":"En quin any es va estrenar la pel·lícula 'The King's Speech'?",
         "respostes":[
            {
               "id":1,
               "etiqueta":"2009"
            },
            {
               "id":2,
               "etiqueta":"2011"
            },
            {
               "id":3,
               "etiqueta":"2012"
            },
            {
               "id":4,
               "etiqueta":"2010"
            }
         ],
         "resposta_correcta":4,
         "imatge":"https://hollywoodsuite.ca/wp-content/uploads/poster/HS903339_poster_1920_1080.jpg"
      },
      {
         "id":5,
         "pregunta":"En quin any es va estrenar la pel·lícula 'Titanic'?",
         "respostes":[
            {
               "id":1,
               "etiqueta":"1998"
            },
            {
               "id":2,
               "etiqueta":"1996"
            },
            {
               "id":3,
               "etiqueta":"1999"
            },
            {
               "id":4,
               "etiqueta":"1997"
            }
         ],
         "resposta_correcta":4,
         "imatge":"https://cdn.hobbyconsolas.com/sites/navi.axelspringer.es/public/media/image/2022/01/titanic-2577593.jpg"
      },
      {
         "id":6,
         "pregunta":"En quin any es va estrenar la pel·lícula 'Jurassic Park'?",
         "respostes":[
            {
               "id":1,
               "etiqueta":"1994"
            },
            {
               "id":2,
               "etiqueta":"1995"
            },
            {
               "id":3,
               "etiqueta":"1993"
            },
            {
               "id":4,
               "etiqueta":"1992"
            }
         ],
         "resposta_correcta":3,
         "imatge":"https://hips.hearstapps.com/hmg-prod/images/1202186-copia-64f056b7a8612.jpg"
      },
      {
         "id":7,
         "pregunta":"En quin any es va estrenar la pel·lícula 'Cast Away'?",
         "respostes":[
            {
               "id":1,
               "etiqueta":"2001"
            },
            {
               "id":2,
               "etiqueta":"1999"
            },
            {
               "id":3,
               "etiqueta":"2002"
            },
            {
               "id":4,
               "etiqueta":"2000"
            }
         ],
         "resposta_correcta":4,
         "imatge":"https://drcindychan.com/wp-content/uploads/2020/08/b3dc56c83272b4e325ebc5a6cd0ecf7e.jpg"
      },
      {
         "id":8,
         "pregunta":"En quin any es va estrenar la pel·lícula 'The Avengers'?",
         "respostes":[
            {
               "id":1,
               "etiqueta":"2011"
            },
            {
               "id":2,
               "etiqueta":"2014"
            },
            {
               "id":3,
               "etiqueta":"2012"
            },
            {
               "id":4,
               "etiqueta":"2013"
            }
         ],
         "resposta_correcta":3,
         "imatge":"https://static.promediateknologi.id/crop/0x0:0x0/0x0/webp/photo/esensi/2023/09/the-avengers.jpg"
      },
      {
         "id":9,
         "pregunta":"En quin any es va estrenar la pel·lícula 'The Lord of the Rings: The Fellowship of the Ring'?",
         "respostes":[
            {
               "id":1,
               "etiqueta":"2002"
            },
            {
               "id":2,
               "etiqueta":"2000"
            },
            {
               "id":3,
               "etiqueta":"2003"
            },
            {
               "id":4,
               "etiqueta":"2001"
            }
         ],
         "resposta_correcta":4,
         "imatge":"https://images.cdn.prd.api.discomax.com/2023/05/05/be192083-0dfc-3df5-bba2-67725ab6b0fc.jpeg"
      },
      {
         "id":10,
         "pregunta":"En quin any es va estrenar la pel·lícula 'The Grand Budapest Hotel'?",
         "respostes":[
            {
               "id":1,
               "etiqueta":"2015"
            },
            {
               "id":2,
               "etiqueta":"2013"
            },
            {
               "id":3,
               "etiqueta":"2012"
            },
            {
               "id":4,
               "etiqueta":"2014"
            }
         ],
         "resposta_correcta":4,
         "imatge":"https://i.blogs.es/b817f8/budapest_hotel/450_1000.jpg"
      },
      {
         "id":11,
         "pregunta":"En quin any es va estrenar la pel·lícula 'Avatar'?",
         "respostes":[
            {
               "id":1,
               "etiqueta":"2008"
            },
            {
               "id":2,
               "etiqueta":"2009"
            },
            {
               "id":3,
               "etiqueta":"2010"
            },
            {
               "id":4,
               "etiqueta":"2011"
            }
         ],
         "resposta_correcta":2,
         "imatge":"https://media.vandalsports.com/i/640x360/12-2021/2021129113822_1.jpg"
      },
      {
         "id":12,
         "pregunta":"En quin any es va estrenar la pel·lícula 'Inception'?",
         "respostes":[
            {
               "id":1,
               "etiqueta":"2010"
            },
            {
               "id":2,
               "etiqueta":"2009"
            },
            {
               "id":3,
               "etiqueta":"2011"
            },
            {
               "id":4,
               "etiqueta":"2012"
            }
         ],
         "resposta_correcta":1,
         "imatge":"https://i0.wp.com/imgs.hipertextual.com/wp-content/uploads/2020/07/hipertextual-diez-anos-inception-extrana-mirada-nolan-sobre-realidad-siguevigente-2020650351-scaled.jpg"
      },
      {
         "id":13,
         "pregunta":"En quin any es va estrenar la pel·lícula 'The Dark Knight'?",
         "respostes":[
            {
               "id":1,
               "etiqueta":"2008"
            },
            {
               "id":2,
               "etiqueta":"2007"
            },
            {
               "id":3,
               "etiqueta":"2009"
            },
            {
               "id":4,
               "etiqueta":"2010"
            }
         ],
         "resposta_correcta":1,
         "imatge":"https://images.mubicdn.net/images/film/1731/cache-100534-1563231667/image-w1280.jpg"
      },
      {
         "id":14,
         "pregunta":"En quin any es va estrenar la pel·lícula 'Gladiator'?",
         "respostes":[
            {
               "id":1,
               "etiqueta":"2000"
            },
            {
               "id":2,
               "etiqueta":"1999"
            },
            {
               "id":3,
               "etiqueta":"2001"
            },
            {
               "id":4,
               "etiqueta":"2002"
            }
         ],
         "resposta_correcta":1,
         "imatge":"https://album.mediaset.es/eimg/2022/08/23/russell-crowe_5bfc.jpg"
      },
      {
         "id":15,
         "pregunta":"En quin any es va estrenar la pel·lícula 'The Shawshank Redemption'?",
         "respostes":[
            {
               "id":1,
               "etiqueta":"1994"
            },
            {
               "id":2,
               "etiqueta":"1993"
            },
            {
               "id":3,
               "etiqueta":"1995"
            },
            {
               "id":4,
               "etiqueta":"1996"
            }
         ],
         "resposta_correcta":1,
         "imatge":"https://resizing.flixster.com/tdMXmsVnR-vIj4Q5IACpEZ7O1ak=/fit-in/705x460/v2/https://resizing.flixster.com/-XZAfHZM39UwaGJIFWKAE8fS0ak=/v3/t/assets/p15987_v_h8_au.jpg"
      },
      {
         "id":16,
         "pregunta":"En quin any es va estrenar la pel·lícula 'The Revenant'?",
         "respostes":[
            {
               "id":1,
               "etiqueta":"2015"
            },
            {
               "id":2,
               "etiqueta":"2014"
            },
            {
               "id":3,
               "etiqueta":"2016"
            },
            {
               "id":4,
               "etiqueta":"2017"
            }
         ],
         "resposta_correcta":1,
         "imatge":"https://www.vintagemovieposters.co.uk/wp-content/uploads/2016/09/IMG_3141.jpg"
      },
      {
         "id":17,
         "pregunta":"En quin any es va estrenar la pel·lícula 'The Social Network'?",
         "respostes":[
            {
               "id":1,
               "etiqueta":"2010"
            },
            {
               "id":2,
               "etiqueta":"2009"
            },
            {
               "id":3,
               "etiqueta":"2011"
            },
            {
               "id":4,
               "etiqueta":"2012"
            }
         ],
         "resposta_correcta":1,
         "imatge":"https://m.media-amazon.com/images/S/pv-target-images/6c785b9877ce0e340988162f70377cc17cd3b95a5536b00cfa524d1a88f83f3b.jpg"
      },
      {
         "id":18,
         "pregunta":"En quin any es va estrenar la pel·lícula 'La La Land'?",
         "respostes":[
            {
               "id":1,
               "etiqueta":"2016"
            },
            {
               "id":2,
               "etiqueta":"2015"
            },
            {
               "id":3,
               "etiqueta":"2017"
            },
            {
               "id":4,
               "etiqueta":"2014"
            }
         ],
         "resposta_correcta":1,
         "imatge":"https://prod-ripcut-delivery.disney-plus.net/v1/variant/disney/5C90C5C990F5D0D42E122DAA98CF1D96B5DB6BCD4C51CA2851B60A459BCE6B24/scale?width=1200&aspectRatio=1.78&format=webp"
      },
      {
         "id":19,
         "pregunta":"En quin any es va estrenar la pel·lícula 'Pulp Fiction'?",
         "respostes":[
            {
               "id":1,
               "etiqueta":"1994"
            },
            {
               "id":2,
               "etiqueta":"1993"
            },
            {
               "id":3,
               "etiqueta":"1995"
            },
            {
               "id":4,
               "etiqueta":"1996"
            }
         ],
         "resposta_correcta":1,
         "imatge":"https://cdn.hobbyconsolas.com/sites/navi.axelspringer.es/public/media/image/2023/07/pulp-fiction-3089782.jpg"
      },
      {
         "id":20,
         "pregunta":"En quin any es va estrenar la pel·lícula 'Interstellar'?",
         "respostes":[
            {
               "id":1,
               "etiqueta":"2014"
            },
            {
               "id":2,
               "etiqueta":"2013"
            },
            {
               "id":3,
               "etiqueta":"2015"
            },
            {
               "id":4,
               "etiqueta":"2016"
            }
         ],
         "resposta_correcta":1,
         "imatge":"https://www.mubis.es/media/users/7350/103803/mi-critica-de-interstellar-u-final-estupendo-para-una-obra-maravillosa-original.jpg"
      }
   ]
}
